-- --------------------------------------------------------
-- Host:                         127.0.0.1
-- Server version:               5.7.31 - MySQL Community Server (GPL)
-- Server OS:                    Win64
-- HeidiSQL Version:             12.5.0.6677
-- --------------------------------------------------------

/*!40101 SET @OLD_CHARACTER_SET_CLIENT=@@CHARACTER_SET_CLIENT */;
/*!40101 SET NAMES utf8 */;
/*!50503 SET NAMES utf8mb4 */;
/*!40103 SET @OLD_TIME_ZONE=@@TIME_ZONE */;
/*!40103 SET TIME_ZONE='+00:00' */;
/*!40014 SET @OLD_FOREIGN_KEY_CHECKS=@@FOREIGN_KEY_CHECKS, FOREIGN_KEY_CHECKS=0 */;
/*!40101 SET @OLD_SQL_MODE=@@SQL_MODE, SQL_MODE='NO_AUTO_VALUE_ON_ZERO' */;
/*!40111 SET @OLD_SQL_NOTES=@@SQL_NOTES, SQL_NOTES=0 */;


-- Dumping database structure for toko_buah
CREATE DATABASE IF NOT EXISTS `toko_buah` /*!40100 DEFAULT CHARACTER SET utf8mb4 */;
USE `toko_buah`;

-- Dumping structure for table toko_buah.ci_sessions
CREATE TABLE IF NOT EXISTS `ci_sessions` (
  `id` varchar(128) NOT NULL,
  `ip_address` varchar(45) NOT NULL,
  `timestamp` int(10) unsigned NOT NULL DEFAULT '0',
  `data` blob NOT NULL,
  KEY `ci_sessions_timestamp` (`timestamp`)
) ENGINE=InnoDB DEFAULT CHARSET=utf8mb4;

-- Dumping data for table toko_buah.ci_sessions: ~73 rows (approximately)
INSERT INTO `ci_sessions` (`id`, `ip_address`, `timestamp`, `data`) VALUES
	('ac91hlcjk36pu99d6lfe1odfpqr8f815', '::1', 1603688646, _binary 0x5f5f63695f6c6173745f726567656e65726174657c693a313630333638383634363b7265646972656374696f6e7c4e3b5f5f4143544956455f53455353494f4e5f444154417c733a3235363a223936653737313364393361616164366139393436326437636431363133663463306238666230323261346537326631356566366134393332636438663231393137633930633334303362396638356130623230663062646536393833633234363732636339393064656134336364373662323864616132373731623430383864796453443947666c6747716c3139784c35514238573831664a2f3866426b704b30426f5733615045384c53637163396e342f7353794150496662346f5536344d374f456e33316558557444646e7576655176796c4e645a7869545872782f39522b53463575624e72444b6e38584f4559756645456b4e4d347035704752476d35223b),
	('eapgcstehb2ib1ha0eiae392tb1pjg39', '::1', 1603691650, _binary 0x5f5f63695f6c6173745f726567656e65726174657c693a313630333639313635303b7265646972656374696f6e7c4e3b5f5f4143544956455f53455353494f4e5f444154417c733a3235363a223936653737313364393361616164366139393436326437636431363133663463306238666230323261346537326631356566366134393332636438663231393137633930633334303362396638356130623230663062646536393833633234363732636339393064656134336364373662323864616132373731623430383864796453443947666c6747716c3139784c35514238573831664a2f3866426b704b30426f5733615045384c53637163396e342f7353794150496662346f5536344d374f456e33316558557444646e7576655176796c4e645a7869545872782f39522b53463575624e72444b6e38584f4559756645456b4e4d347035704752476d35223b),
	('o79rj85c5ok5kp4laecl06u2gsilgalj', '::1', 1603691951, _binary 0x5f5f63695f6c6173745f726567656e65726174657c693a313630333639313935313b5f5f4143544956455f53455353494f4e5f444154417c733a3235363a22613566386561653366646162336235336366393362323331336666306232373434363763383134373134313530663264326339613731336461363834353465373363356365336638663633353735313135643166306636613833623633373563313836643136316263656363643938346537343438333065663436636431386571592b316531747379434872624c454e37464a6a4c3042704e45356e7a4134356c786571574b77333638796f52494a365a49495573742b5178577a706f53373468655870664f79504e49656d3037584a4a506456317636434e4c3358315769744745675659333769655572777a2b3571456348586f45316131654b656c43677a223b),
	('kak0av6p29vrlhqf2l6qu730c336e7il', '::1', 1603692261, _binary 0x5f5f63695f6c6173745f726567656e65726174657c693a313630333639323236313b5f5f4143544956455f53455353494f4e5f444154417c733a3235363a22333639393239303730383563623232663935393231393734353836383434613236373932396531366365316663386538306163393937643862613735643937376237643261396135633033343463656665303632306263613962666263633464363263353530373630343864326262336234616637623262373033353061383379576762744c662b344350796d684f4e714f38576669454c7937682b4a4b34356461615132526239327538384258556568623850355a65422b54733267354c61552b36767a61792f4153497638656c6e4e48706f4841626e2b61794137504a52354345565645315339676449394c6a4c662f6163756e6d6a6169583037466f50223b),
	('nl6h861v72l3gqbv07cmlp7nvkrl1sdr', '::1', 1603692564, _binary 0x5f5f63695f6c6173745f726567656e65726174657c693a313630333639323536343b5f5f4143544956455f53455353494f4e5f444154417c733a3235363a22333639393239303730383563623232663935393231393734353836383434613236373932396531366365316663386538306163393937643862613735643937376237643261396135633033343463656665303632306263613962666263633464363263353530373630343864326262336234616637623262373033353061383379576762744c662b344350796d684f4e714f38576669454c7937682b4a4b34356461615132526239327538384258556568623850355a65422b54733267354c61552b36767a61792f4153497638656c6e4e48706f4841626e2b61794137504a52354345565645315339676449394c6a4c662f6163756e6d6a6169583037466f50223b6f726465725f7175616e746974797c613a303a7b7d746f74616c5f70726963657c693a353030303b7265646972656374696f6e7c733a36383a226148523063446f764c327876593246736147397a644339306232747658334e68655856794c326c755a4756344c6e426f6343397a614739774c324e6f5a574e7262335630223b636172745f636f6e74656e74737c613a333a7b733a31303a22636172745f746f74616c223b643a31333030303b733a31313a22746f74616c5f6974656d73223b643a313b733a33323a226338316537323864396434633266363336663036376638396363313438363263223b613a363a7b733a323a226964223b733a313a2232223b733a333a22717479223b643a313b733a353a227072696365223b643a31333030303b733a343a226e616d65223b733a31303a224150454c204d45524148223b733a353a22726f776964223b733a33323a226338316537323864396434633266363336663036376638396363313438363263223b733a383a22737562746f74616c223b643a31333030303b7d7d),
	('o5e7q06stiia8hfcp9l9esfafbcodi06', '::1', 1603692870, _binary 0x5f5f63695f6c6173745f726567656e65726174657c693a313630333639323837303b7265646972656374696f6e7c4e3b5f5f4143544956455f53455353494f4e5f444154417c733a3235363a22333261313836646664663831656265343365653034373531653139336633336537356330306262636663343161363430383234646266653761616431613930313933363264643865623135383566306337666330313934346337346561653563616166653533356666653466323237366438623534653035376365323939303044386271783562325538753062736e2f3352374f5559622f344a595877574a30314a664b627349723654364f7954557a59465872707a492f704c4f592b7337474e58674b5633516e5a54415856755436684d39675134766b3935744d665277336e456d59474c654f5632573451735a4e446f4237366b754b4a74646847324a61223b),
	('bnkmkfdbgm1fg81rrr1rk6ggpg8ovmsv', '::1', 1603693236, _binary 0x5f5f63695f6c6173745f726567656e65726174657c693a313630333639333233363b7265646972656374696f6e7c4e3b5f5f4143544956455f53455353494f4e5f444154417c733a3235363a2239313663353538336562373537623261303965333436303331343832306634636230373138343164643232323937653661643430303431666432643334356432376464363334393363386435613966313364613533646639346362306363663463323532396664343232343663353662366538303465333062326165633533366775316e656c4b4a62544a4c4c304368544547644e6854662f525455715365655939654b334a65455654654c7757786a5a6e4378364471567a796966512f347970467a346c6253316e4f684877597058515673474b55756a445977514e456b6e3846326966435464727a5570394b624a56746565314d595049346f3167705931223b),
	('v9efbigk2bu45eir97nalidhgr0fflc9', '::1', 1603693258, _binary 0x5f5f63695f6c6173745f726567656e65726174657c693a313630333639333233363b7265646972656374696f6e7c4e3b5f5f4143544956455f53455353494f4e5f444154417c733a3235363a2239313663353538336562373537623261303965333436303331343832306634636230373138343164643232323937653661643430303431666432643334356432376464363334393363386435613966313364613533646639346362306363663463323532396664343232343663353662366538303465333062326165633533366775316e656c4b4a62544a4c4c304368544547644e6854662f525455715365655939654b334a65455654654c7757786a5a6e4378364471567a796966512f347970467a346c6253316e4f684877597058515673474b55756a445977514e456b6e3846326966435464727a5570394b624a56746565314d595049346f3167705931223b),
	('i447iths9psu3i8en2fu9691mfbtki93', '::1', 1603698056, _binary 0x5f5f63695f6c6173745f726567656e65726174657c693a313630333639383035363b7265646972656374696f6e7c4e3b5f5f4143544956455f53455353494f4e5f444154417c733a3235363a22316339316339323239363633373534306533666466376232626166643638303263383838323063363265633731626238333834653033333939393138613461346366643134343834656333323663636239393233376161356562313237303362613966306433646630396230326438646539316233623035623032623636373370677a504e35304f77706c51546871363963554d4a4b6348433252697245553631667a37516a396d346674486934532b4f6e422b6430493970775643525462666754394251775074384f5044726e574849575a685641343543514d3862344763466534466c3548344e4b427178574b7a55664839786c7369705773574e566579223b),
	('vse0cu3b7shk15q1a5hvuibdgc26u6nf', '::1', 1603698099, _binary 0x5f5f63695f6c6173745f726567656e65726174657c693a313630333639383035363b7265646972656374696f6e7c4e3b5f5f4143544956455f53455353494f4e5f444154417c733a3235363a22316339316339323239363633373534306533666466376232626166643638303263383838323063363265633731626238333834653033333939393138613461346366643134343834656333323663636239393233376161356562313237303362613966306433646630396230326438646539316233623035623032623636373370677a504e35304f77706c51546871363963554d4a4b6348433252697245553631667a37516a396d346674486934532b4f6e422b6430493970775643525462666754394251775074384f5044726e574849575a685641343543514d3862344763466534466c3548344e4b427178574b7a55664839786c7369705773574e566579223b),
	('9jmafkfa38du7o9ki852dap7rultjmcl', '::1', 1603700770, _binary 0x5f5f63695f6c6173745f726567656e65726174657c693a313630333730303736323b7265646972656374696f6e7c4e3b5f5f4143544956455f53455353494f4e5f444154417c733a3235363a22373163386333623736636263633639353865666332626563643162333932363135383165366230623332353632346363373137363566306163643631623035313664646338393266363064636232303930333435646165613337366431653765663631326632343533653765336232393932303931653232373232303363303356736755766e3578322f7a7144562f445134635a544c5546424a424c747479304c5254347573646a456d3759486c6e5659516664356c4259584842477a4d4f4d4374446a44523459316d4954354b4c514e6f4b537174654b535765594f676f30596573517a436d554c6c72345a685242726a7562654f6c4b496c545956523567223b),
	('shtel2g73g7o4mp6hrstvtrsr33va7mr', '::1', 1603765658, _binary 0x5f5f63695f6c6173745f726567656e65726174657c693a313630333736353633323b7265646972656374696f6e7c4e3b5f5f4143544956455f53455353494f4e5f444154417c733a3235363a223861663962346237346630306139366463656331366165373162336433336638636531653961613835346632373131616431373530643163613036623765303231653932386530623236333230653938393061396534393464663937376264323266396134393639613939626338346134626164633430366263636265653334417336436c4578716c48594f4c43754733764f416468463664773041586c5951744a504e2f504c4f5775774d6b4c776262767752634e4a34706b324e6c37376750572b31386475514e5a78734d61535a5148527779724d51306433547870534f476f6839414c5a595a4e72716c414534374749497173674e6b4d446968766578223b),
	('4jcdm9ap1gr0enkm5kee8kooeaihks62', '127.0.0.1', 1699810090, _binary 0x5f5f63695f6c6173745f726567656e65726174657c693a313639393831303039303b),
	('9nrbm77986o41tkm88qcou2akb0o9c2o', '127.0.0.1', 1699811018, _binary 0x5f5f63695f6c6173745f726567656e65726174657c693a313639393831303937343b7265646972656374696f6e7c4e3b5f5f4143544956455f53455353494f4e5f444154417c733a3235363a22316664663434303061666230386139336361363130376234666163313362363132343264386639346466363266336332626131656435326539363135303234393836663632633233663065646132333739396337313033303835653663613266653265626135356364303866623462356266353936313330346165353761383750353167724776477a77437a4451566d555070326e62662f6736684474796b533869504a387275786c6b646a2f3164636d2b38484b796e486d50555a3677574a6b4a615738762f3672434d754d357a4b46626a54696279612b39476c5a55505251375356337751576636516e62664970753679534e793048772f437351467779223b),
	('s8igjm5hh1klenv01tekqeicktk1mhlj', '127.0.0.1', 1699811940, _binary 0x5f5f63695f6c6173745f726567656e65726174657c693a313639393831313930363b7265646972656374696f6e7c4e3b5f5f4143544956455f53455353494f4e5f444154417c733a3235363a22316664663434303061666230386139336361363130376234666163313362363132343264386639346466363266336332626131656435326539363135303234393836663632633233663065646132333739396337313033303835653663613266653265626135356364303866623462356266353936313330346165353761383750353167724776477a77437a4451566d555070326e62662f6736684474796b533869504a387275786c6b646a2f3164636d2b38484b796e486d50555a3677574a6b4a615738762f3672434d754d357a4b46626a54696279612b39476c5a55505251375356337751576636516e62664970753679534e793048772f437351467779223b),
	('pt6piaa26s2foku5v1jbj009d7259vse', '::1', 1699814310, _binary 0x5f5f63695f6c6173745f726567656e65726174657c693a313639393831343038383b7265646972656374696f6e7c4e3b5f5f4143544956455f53455353494f4e5f444154417c733a3235363a223666393632383935393930346438646436626331323834336532323965303937653566646136326134303435626433313537646630643862383437313962393964373939643939306163626335313966313336386130393866306265333461393931643532363634383566656236653661666536623136626635343730303262674d746b2f556a4c4b785a30667448545934794367354f496b44384b48596f3055376d6830736d504d64457172612f47615162594a496936333233795a4d374d7377517565545672764268634b753674523657483068643556594b537539754671656a39627375616b7a4b3250323930723151327a3756417950453533794632223b),
	('gao947hek64l9bn9k5ci3onehbhbebi5', '127.0.0.1', 1699814162, _binary 0x5f5f63695f6c6173745f726567656e65726174657c693a313639393831343136323b7265646972656374696f6e7c4e3b5f5f4143544956455f53455353494f4e5f444154417c733a3235363a22316664663434303061666230386139336361363130376234666163313362363132343264386639346466363266336332626131656435326539363135303234393836663632633233663065646132333739396337313033303835653663613266653265626135356364303866623462356266353936313330346165353761383750353167724776477a77437a4451566d555070326e62662f6736684474796b533869504a387275786c6b646a2f3164636d2b38484b796e486d50555a3677574a6b4a615738762f3672434d754d357a4b46626a54696279612b39476c5a55505251375356337751576636516e62664970753679534e793048772f437351467779223b),
	('hq2rd2klpbvvc8q0jjpchrfibvqqkqlb', '::1', 1699814776, _binary 0x5f5f63695f6c6173745f726567656e65726174657c693a313639393831343539393b7265646972656374696f6e7c4e3b5f5f4143544956455f53455353494f4e5f444154417c733a3235363a223666393632383935393930346438646436626331323834336532323965303937653566646136326134303435626433313537646630643862383437313962393964373939643939306163626335313966313336386130393866306265333461393931643532363634383566656236653661666536623136626635343730303262674d746b2f556a4c4b785a30667448545934794367354f496b44384b48596f3055376d6830736d504d64457172612f47615162594a496936333233795a4d374d7377517565545672764268634b753674523657483068643556594b537539754671656a39627375616b7a4b3250323930723151327a3756417950453533794632223b),
	('2bfcjj102idrdkftktoqlrbmqgvst0i6', '::1', 1699815183, _binary 0x5f5f63695f6c6173745f726567656e65726174657c693a313639393831353038363b7265646972656374696f6e7c4e3b5f5f4143544956455f53455353494f4e5f444154417c733a3235363a223666393632383935393930346438646436626331323834336532323965303937653566646136326134303435626433313537646630643862383437313962393964373939643939306163626335313966313336386130393866306265333461393931643532363634383566656236653661666536623136626635343730303262674d746b2f556a4c4b785a30667448545934794367354f496b44384b48596f3055376d6830736d504d64457172612f47615162594a496936333233795a4d374d7377517565545672764268634b753674523657483068643556594b537539754671656a39627375616b7a4b3250323930723151327a3756417950453533794632223b636172745f636f6e74656e74737c613a333a7b733a31303a22636172745f746f74616c223b643a32303030303b733a31313a22746f74616c5f6974656d73223b643a313b733a33323a226334636134323338613062393233383230646363353039613666373538343962223b613a363a7b733a323a226964223b733a313a2231223b733a333a22717479223b643a313b733a353a227072696365223b643a32303030303b733a343a226e616d65223b733a31323a22414e4747555220484954414d223b733a353a22726f776964223b733a33323a226334636134323338613062393233383230646363353039613666373538343962223b733a383a22737562746f74616c223b643a32303030303b7d7d),
	('v2dnng61hmthaog4vu3omafmihabs3n2', '127.0.0.1', 1700905155, _binary 0x5f5f63695f6c6173745f726567656e65726174657c693a313730303930353135353b),
	('t35km333pgfqmmg8tgj6g1seoe1d5nbn', '127.0.0.1', 1700906142, _binary 0x5f5f63695f6c6173745f726567656e65726174657c693a313730303930363134323b),
	('ar553fe24qgf1eb1spa5ek6ega656hmo', '127.0.0.1', 1700906779, _binary 0x5f5f63695f6c6173745f726567656e65726174657c693a313730303930363737393b),
	('mlph4iabaodskvcjtcepgtq8v8pt6325', '127.0.0.1', 1700907080, _binary 0x5f5f63695f6c6173745f726567656e65726174657c693a313730303930373038303b),
	('4c73broe0de9tialsat69grnbl9qro31', '127.0.0.1', 1700907251, _binary 0x5f5f63695f6c6173745f726567656e65726174657c693a313730303930373038303b),
	('v0cl44dol81tn2mboicgehuijg616vkn', '127.0.0.1', 1700907181, _binary 0x5f5f63695f6c6173745f726567656e65726174657c693a313730303930373138313b),
	('ivtm5ec19kke67p5qjck3n8pgkbvdnft', '127.0.0.1', 1701103193, _binary 0x5f5f63695f6c6173745f726567656e65726174657c693a313730313130333133323b),
	('72rtbjhgpbplqv076nc01ge8ar7tejrl', '127.0.0.1', 1701103833, _binary 0x5f5f63695f6c6173745f726567656e65726174657c693a313730313130333833333b),
	('ngbrbcckdp6vjcr33aod8jq4rsl4i6ap', '127.0.0.1', 1701104395, _binary 0x5f5f63695f6c6173745f726567656e65726174657c693a313730313130343339313b),
	('6kuarcrc40ov4n65ik6c133i8a1qsrdo', '127.0.0.1', 1701105009, _binary 0x5f5f63695f6c6173745f726567656e65726174657c693a313730313130343731393b),
	('mmsfrqqfqetfvup7hboidcn8al4u0304', '127.0.0.1', 1701105319, _binary 0x5f5f63695f6c6173745f726567656e65726174657c693a313730313130353036333b),
	('kndgs8m7ko5lqriraf8ka92tjkp0ietq', '127.0.0.1', 1701105477, _binary 0x5f5f63695f6c6173745f726567656e65726174657c693a313730313130353437363b),
	('78bpavcanpih63k9ra87mqvb9629faf1', '127.0.0.1', 1701106196, _binary 0x5f5f63695f6c6173745f726567656e65726174657c693a313730313130363133333b),
	('bms9q7tbdodsju7pbfauccq00vnb548u', '127.0.0.1', 1701106766, _binary 0x5f5f63695f6c6173745f726567656e65726174657c693a313730313130363436363b),
	('ifrdplatgp31bv681e2204crt10ehmci', '127.0.0.1', 1701107191, _binary 0x5f5f63695f6c6173745f726567656e65726174657c693a313730313130363839333b),
	('jeb7jpa992nnpllem1e0ku0bt6dmfo7a', '127.0.0.1', 1701107436, _binary 0x5f5f63695f6c6173745f726567656e65726174657c693a313730313130373235393b),
	('vll9dt6cajcmtju6kt1rm3oc32ngaaik', '127.0.0.1', 1701351090, _binary 0x5f5f63695f6c6173745f726567656e65726174657c693a313730313335313039303b),
	('rbsub8mfnrfl5gm404urcl6muunr5dr5', '::1', 1701352843, _binary 0x5f5f63695f6c6173745f726567656e65726174657c693a313730313335323830333b),
	('ttqg3tcl2svs3quc97k9r7985leldnqa', '127.0.0.1', 1701356121, _binary 0x5f5f63695f6c6173745f726567656e65726174657c693a313730313335353938303b7265646972656374696f6e7c4e3b5f5f4143544956455f53455353494f4e5f444154417c733a3235363a22633532313434366537653866363938306162363662346432653962306463396631336534366138613462623735623836626332323361613262656166383266626164643063383061353165636132343362636634646365616232313465376331323666633731306339363934353364636563333539623335316438353264653934384f7549614d7132786834316c73742f67387454376c6273725a44646d5136642f4a306c34446439324346473145696e2f595841504141374155736c6a566939445741416473456d502b2f6779516671574e45336933306a6f5852477a4b763946466d6a67792f4a43794a6a706d4b6e766a7a7772557955324e6a506d6848223b636172745f636f6e74656e74737c613a333a7b733a31303a22636172745f746f74616c223b643a31333030303b733a31313a22746f74616c5f6974656d73223b643a313b733a33323a226338316537323864396434633266363336663036376638396363313438363263223b613a363a7b733a323a226964223b733a313a2232223b733a333a22717479223b643a313b733a353a227072696365223b643a31333030303b733a343a226e616d65223b733a31303a224150454c204d45524148223b733a353a22726f776964223b733a33323a226338316537323864396434633266363336663036376638396363313438363263223b733a383a22737562746f74616c223b643a31333030303b7d7d),
	('jdtta85tljnv9r1mg38jvr2tl3aks1d6', '::1', 1701356530, _binary 0x5f5f63695f6c6173745f726567656e65726174657c693a313730313335363430393b),
	('u2a5c4kc71g4i63ser1jvpu0v7hue8hr', '::1', 1701358604, _binary 0x5f5f63695f6c6173745f726567656e65726174657c693a313730313335383531303b),
	('nvqflar8kg768l6tmark1gn8o8mkqa41', '::1', 1701366621, _binary 0x5f5f63695f6c6173745f726567656e65726174657c693a313730313336363534333b),
	('l8bo9gmoftfqfl5kkerra6m46lu6cdaj', '::1', 1701367001, _binary 0x5f5f63695f6c6173745f726567656e65726174657c693a313730313336363939313b),
	('vs30vtbma1sssnlp0gj8aveq0koj2rg2', '127.0.0.1', 1701367126, _binary 0x5f5f63695f6c6173745f726567656e65726174657c693a313730313336373039363b7265646972656374696f6e7c4e3b5f5f4143544956455f53455353494f4e5f444154417c733a3235363a22316134356661643131356436376337316362363064346161316330396363643632383664333330306162633834396630356561386434376532343762643739356464383139386330323861333765616364356337613365663234633730323830383132613661646236646264626633343964313461613537343763323339316572627569354d68422f626d6f5365503274766a51356a62524d3555556c644e663331374658327a586e6d305345622b633074773675493162334a583931627936452f4e726c596453557242483075444d554755596b7975556e713642665476507075573038635734574a3462636e7663396f484a37312f706b2b333267434731223b),
	('j0oekjsvqj6o7qj7qm54jmd3g162621t', '::1', 1701367421, _binary 0x5f5f63695f6c6173745f726567656e65726174657c693a313730313336373338393b),
	('to4qk85hiud8hqv7k7pf4bd71foavbnu', '::1', 1701367949, _binary 0x5f5f63695f6c6173745f726567656e65726174657c693a313730313336373733323b),
	('testjn018hde0g11eo92f1brrvdlfao6', '::1', 1701368390, _binary 0x5f5f63695f6c6173745f726567656e65726174657c693a313730313336383335313b),
	('acp19re08m4g903dpss7o9fr5d1acheb', '::1', 1701370235, _binary 0x5f5f63695f6c6173745f726567656e65726174657c693a313730313336393935313b),
	('5illtko7lb4brkdq0ol4cuqmp4pd4s3i', '127.0.0.1', 1701370633, _binary 0x5f5f63695f6c6173745f726567656e65726174657c693a313730313337303333353b7265646972656374696f6e7c4e3b5f5f4143544956455f53455353494f4e5f444154417c733a3235363a22316134356661643131356436376337316362363064346161316330396363643632383664333330306162633834396630356561386434376532343762643739356464383139386330323861333765616364356337613365663234633730323830383132613661646236646264626633343964313461613537343763323339316572627569354d68422f626d6f5365503274766a51356a62524d3555556c644e663331374658327a586e6d305345622b633074773675493162334a583931627936452f4e726c596453557242483075444d554755596b7975556e713642665476507075573038635734574a3462636e7663396f484a37312f706b2b333267434731223b),
	('feiqdb3j4nj33prcrvq5hte5f521ih18', '127.0.0.1', 1701370924, _binary 0x5f5f63695f6c6173745f726567656e65726174657c693a313730313337303635313b7265646972656374696f6e7c4e3b5f5f4143544956455f53455353494f4e5f444154417c733a3235363a22316134356661643131356436376337316362363064346161316330396363643632383664333330306162633834396630356561386434376532343762643739356464383139386330323861333765616364356337613365663234633730323830383132613661646236646264626633343964313461613537343763323339316572627569354d68422f626d6f5365503274766a51356a62524d3555556c644e663331374658327a586e6d305345622b633074773675493162334a583931627936452f4e726c596453557242483075444d554755596b7975556e713642665476507075573038635734574a3462636e7663396f484a37312f706b2b333267434731223b),
	('9rorojr2pdkmemcdbm48m9adm02gp9t9', '::1', 1701371142, _binary 0x5f5f63695f6c6173745f726567656e65726174657c693a313730313337313034363b),
	('pprb5q086649rl8q9udfrnurd4hp8hnd', '127.0.0.1', 1701372321, _binary 0x5f5f63695f6c6173745f726567656e65726174657c693a313730313337323038373b7265646972656374696f6e7c4e3b5f5f4143544956455f53455353494f4e5f444154417c733a3235363a22316134356661643131356436376337316362363064346161316330396363643632383664333330306162633834396630356561386434376532343762643739356464383139386330323861333765616364356337613365663234633730323830383132613661646236646264626633343964313461613537343763323339316572627569354d68422f626d6f5365503274766a51356a62524d3555556c644e663331374658327a586e6d305345622b633074773675493162334a583931627936452f4e726c596453557242483075444d554755596b7975556e713642665476507075573038635734574a3462636e7663396f484a37312f706b2b333267434731223b),
	('icjfgkjj4bnpit2vep06ev88q5rl425g', '127.0.0.1', 1701374148, _binary 0x5f5f63695f6c6173745f726567656e65726174657c693a313730313337333239383b7265646972656374696f6e7c4e3b5f5f4143544956455f53455353494f4e5f444154417c733a3235363a22316134356661643131356436376337316362363064346161316330396363643632383664333330306162633834396630356561386434376532343762643739356464383139386330323861333765616364356337613365663234633730323830383132613661646236646264626633343964313461613537343763323339316572627569354d68422f626d6f5365503274766a51356a62524d3555556c644e663331374658327a586e6d305345622b633074773675493162334a583931627936452f4e726c596453557242483075444d554755596b7975556e713642665476507075573038635734574a3462636e7663396f484a37312f706b2b333267434731223b),
	('3o3h7vtmcldtl3qnffu2kc0qa19lvua0', '127.0.0.1', 1701373355, _binary 0x5f5f63695f6c6173745f726567656e65726174657c693a313730313337333335353b),
	('fahdo9tgqjq3d5ppml9nncn684gv93js', '127.0.0.1', 1701373355, _binary 0x5f5f63695f6c6173745f726567656e65726174657c693a313730313337333335353b7265646972656374696f6e7c733a38303a226148523063446f764c327876593246736147397a644339306232747658324a31595767766157356b5a586775634768774c324e3163335276625756794c3239795a47567963793932615756334c7a4532223b),
	('rm53e090jfap2d4j1qhr9735st18t4sr', '127.0.0.1', 1701374401, _binary 0x5f5f63695f6c6173745f726567656e65726174657c693a313730313337343231313b7265646972656374696f6e7c4e3b5f5f4143544956455f53455353494f4e5f444154417c733a3235363a22316134356661643131356436376337316362363064346161316330396363643632383664333330306162633834396630356561386434376532343762643739356464383139386330323861333765616364356337613365663234633730323830383132613661646236646264626633343964313461613537343763323339316572627569354d68422f626d6f5365503274766a51356a62524d3555556c644e663331374658327a586e6d305345622b633074773675493162334a583931627936452f4e726c596453557242483075444d554755596b7975556e713642665476507075573038635734574a3462636e7663396f484a37312f706b2b333267434731223b),
	('cb14vh0ct9hm6a8hsp93bmkg5eltm15j', '::1', 1701374461, _binary 0x5f5f63695f6c6173745f726567656e65726174657c693a313730313337343434373b5f5f4143544956455f53455353494f4e5f444154417c733a3235363a22633530626636313865636130333237373139626630363535303432343663336263386335346134323033636436653761633535306264323264666437643035303233316161366337353265663432383766306139346263623535326336396639313531626336636335666663663030346165373764633639636363383438316377585432784c2b33726f692f694750706833315a3766314c4b4a4d756747704330536e6e43396f3631677578364c584d584f535250504668723437796f324a332f484a5a51717650556c6334366444665a39635a783930353372596657592f756359382f71396541414a527748477863685465667979326a44414c3567695a65223b),
	('5i5u03mu4o3cestk7hgrf4upvcgst59r', '127.0.0.1', 1701374626, _binary 0x5f5f63695f6c6173745f726567656e65726174657c693a313730313337343632363b7265646972656374696f6e7c4e3b5f5f4143544956455f53455353494f4e5f444154417c733a3235363a22316134356661643131356436376337316362363064346161316330396363643632383664333330306162633834396630356561386434376532343762643739356464383139386330323861333765616364356337613365663234633730323830383132613661646236646264626633343964313461613537343763323339316572627569354d68422f626d6f5365503274766a51356a62524d3555556c644e663331374658327a586e6d305345622b633074773675493162334a583931627936452f4e726c596453557242483075444d554755596b7975556e713642665476507075573038635734574a3462636e7663396f484a37312f706b2b333267434731223b),
	('148in57vggmnk2vp907n5ap4rjkka83a', '127.0.0.1', 1701375826, _binary 0x5f5f63695f6c6173745f726567656e65726174657c693a313730313337353535323b7265646972656374696f6e7c4e3b5f5f4143544956455f53455353494f4e5f444154417c733a3235363a22316134356661643131356436376337316362363064346161316330396363643632383664333330306162633834396630356561386434376532343762643739356464383139386330323861333765616364356337613365663234633730323830383132613661646236646264626633343964313461613537343763323339316572627569354d68422f626d6f5365503274766a51356a62524d3555556c644e663331374658327a586e6d305345622b633074773675493162334a583931627936452f4e726c596453557242483075444d554755596b7975556e713642665476507075573038635734574a3462636e7663396f484a37312f706b2b333267434731223b),
	('tcq1kjlhqgssnl632qjm87rq6ndkee68', '127.0.0.1', 1701376481, _binary 0x5f5f63695f6c6173745f726567656e65726174657c693a313730313337363335343b7265646972656374696f6e7c4e3b5f5f4143544956455f53455353494f4e5f444154417c733a3235363a22316134356661643131356436376337316362363064346161316330396363643632383664333330306162633834396630356561386434376532343762643739356464383139386330323861333765616364356337613365663234633730323830383132613661646236646264626633343964313461613537343763323339316572627569354d68422f626d6f5365503274766a51356a62524d3555556c644e663331374658327a586e6d305345622b633074773675493162334a583931627936452f4e726c596453557242483075444d554755596b7975556e713642665476507075573038635734574a3462636e7663396f484a37312f706b2b333267434731223b),
	('933p2eqc1ej3daidofuneq61cqre9qoq', '127.0.0.1', 1702228729, _binary 0x5f5f63695f6c6173745f726567656e65726174657c693a313730323232383438363b7265646972656374696f6e7c4e3b5f5f4143544956455f53455353494f4e5f444154417c733a3235363a2237373238343234326664316365373430376134663462363565313134363832303765636266613666616337383833383134653835393165613761653261306165393535316538323863643337303137666634333561306566336432356464623439653365666339333866393464666264353830376561393763393933353835626c486d5233666b4131383234664779356172592b794f3058556870414e443979652f4b55356d6e724d465778737770354e57644c3937346c5368416830714e6a386b4f4b30387757616a3254565838776d6b59343335744146515853662b43766b41784a334a6e52395344414c6b324f45434b3544546253636b6b376b472f6a223b636172745f636f6e74656e74737c613a343a7b733a31303a22636172745f746f74616c223b643a33303030303b733a31313a22746f74616c5f6974656d73223b643a323b733a33323a226334636134323338613062393233383230646363353039613666373538343962223b613a363a7b733a323a226964223b733a313a2231223b733a333a22717479223b643a313b733a353a227072696365223b643a32303030303b733a343a226e616d65223b733a31323a22414e4747555220484954414d223b733a353a22726f776964223b733a33323a226334636134323338613062393233383230646363353039613666373538343962223b733a383a22737562746f74616c223b643a32303030303b7d733a33323a226534646133623766626263653233343564373737326230363734613331386435223b613a363a7b733a323a226964223b733a313a2235223b733a333a22717479223b643a313b733a353a227072696365223b643a31303030303b733a343a226e616d65223b733a31323a22504953414e47205345474152223b733a353a22726f776964223b733a33323a226534646133623766626263653233343564373737326230363734613331386435223b733a383a22737562746f74616c223b643a31303030303b7d7d),
	('r0peq1go95v7g8sc5iev1uo8kueeag9p', '127.0.0.1', 1702229123, _binary 0x5f5f63695f6c6173745f726567656e65726174657c693a313730323232383837373b7265646972656374696f6e7c4e3b5f5f4143544956455f53455353494f4e5f444154417c733a3235363a2237373238343234326664316365373430376134663462363565313134363832303765636266613666616337383833383134653835393165613761653261306165393535316538323863643337303137666634333561306566336432356464623439653365666339333866393464666264353830376561393763393933353835626c486d5233666b4131383234664779356172592b794f3058556870414e443979652f4b55356d6e724d465778737770354e57644c3937346c5368416830714e6a386b4f4b30387757616a3254565838776d6b59343335744146515853662b43766b41784a334a6e52395344414c6b324f45434b3544546253636b6b376b472f6a223b636172745f636f6e74656e74737c613a343a7b733a31303a22636172745f746f74616c223b643a33303030303b733a31313a22746f74616c5f6974656d73223b643a323b733a33323a226334636134323338613062393233383230646363353039613666373538343962223b613a363a7b733a323a226964223b733a313a2231223b733a333a22717479223b643a313b733a353a227072696365223b643a32303030303b733a343a226e616d65223b733a31323a22414e4747555220484954414d223b733a353a22726f776964223b733a33323a226334636134323338613062393233383230646363353039613666373538343962223b733a383a22737562746f74616c223b643a32303030303b7d733a33323a226534646133623766626263653233343564373737326230363734613331386435223b613a363a7b733a323a226964223b733a313a2235223b733a333a22717479223b643a313b733a353a227072696365223b643a31303030303b733a343a226e616d65223b733a31323a22504953414e47205345474152223b733a353a22726f776964223b733a33323a226534646133623766626263653233343564373737326230363734613331386435223b733a383a22737562746f74616c223b643a31303030303b7d7d6f726465725f7175616e746974797c613a323a7b693a313b613a323a7b733a333a22717479223b643a313b733a353a227072696365223b643a32303030303b7d693a353b613a323a7b733a333a22717479223b643a313b733a353a227072696365223b643a31303030303b7d7d746f74616c5f70726963657c643a33303030303b),
	('oalld4c392qjsqislgba1j722p1ehich', '127.0.0.1', 1702229409, _binary 0x5f5f63695f6c6173745f726567656e65726174657c693a313730323232393138323b7265646972656374696f6e7c4e3b5f5f4143544956455f53455353494f4e5f444154417c733a3235363a2237373238343234326664316365373430376134663462363565313134363832303765636266613666616337383833383134653835393165613761653261306165393535316538323863643337303137666634333561306566336432356464623439653365666339333866393464666264353830376561393763393933353835626c486d5233666b4131383234664779356172592b794f3058556870414e443979652f4b55356d6e724d465778737770354e57644c3937346c5368416830714e6a386b4f4b30387757616a3254565838776d6b59343335744146515853662b43766b41784a334a6e52395344414c6b324f45434b3544546253636b6b376b472f6a223b),
	('5qaevvrkkmmgb4rb9iies3ko0lc4803c', '127.0.0.1', 1702229512, _binary 0x5f5f63695f6c6173745f726567656e65726174657c693a313730323232393530383b7265646972656374696f6e7c4e3b5f5f4143544956455f53455353494f4e5f444154417c733a3235363a2237373238343234326664316365373430376134663462363565313134363832303765636266613666616337383833383134653835393165613761653261306165393535316538323863643337303137666634333561306566336432356464623439653365666339333866393464666264353830376561393763393933353835626c486d5233666b4131383234664779356172592b794f3058556870414e443979652f4b55356d6e724d465778737770354e57644c3937346c5368416830714e6a386b4f4b30387757616a3254565838776d6b59343335744146515853662b43766b41784a334a6e52395344414c6b324f45434b3544546253636b6b376b472f6a223b),
	('vd095m63ufba4uv90u3tmtap2ssldu6e', '::1', 1702229832, _binary 0x5f5f63695f6c6173745f726567656e65726174657c693a313730323232393535303b),
	('0kol4f354cchndnv2vnsbtivucbtsilv', '::1', 1702229857, _binary 0x5f5f63695f6c6173745f726567656e65726174657c693a313730323232393835373b),
	('hgh70o9ifcncgsdj483h4jrvutfs1n9a', '127.0.0.1', 1702230110, _binary 0x5f5f63695f6c6173745f726567656e65726174657c693a313730323232393837393b7265646972656374696f6e7c4e3b5f5f4143544956455f53455353494f4e5f444154417c733a3235363a2237373238343234326664316365373430376134663462363565313134363832303765636266613666616337383833383134653835393165613761653261306165393535316538323863643337303137666634333561306566336432356464623439653365666339333866393464666264353830376561393763393933353835626c486d5233666b4131383234664779356172592b794f3058556870414e443979652f4b55356d6e724d465778737770354e57644c3937346c5368416830714e6a386b4f4b30387757616a3254565838776d6b59343335744146515853662b43766b41784a334a6e52395344414c6b324f45434b3544546253636b6b376b472f6a223b),
	('frpdho7ac95d2es0p3a8q8rn1e5hgv97', '::1', 1702230072, _binary 0x5f5f63695f6c6173745f726567656e65726174657c693a313730323233303036303b7265646972656374696f6e7c4e3b5f5f4143544956455f53455353494f4e5f444154417c733a3235363a223064353038353737666439636130373737333038643361383831343061373830333364626432303933333236396336316164316237623762626261666566663736626538623636343561323937373463393866356438663264646438343636623161343965653263316230326163666533373537393830373136633835303030573941534f36536862585743447a624e34492b435a4854416a63546d3842724d644f4a6433782b394b78786150674d56435870564c7964784c7a78425442546e5349566d584457484a2b564e4e31707444464b4d5150487a66354c624a467777677379325150574e6d45682b756a6c344e6d324373326c4662642f6243557871223b),
	('9lr7e4fkgltrp5qvnv5dannisbre9aon', '127.0.0.1', 1702230505, _binary 0x5f5f63695f6c6173745f726567656e65726174657c693a313730323233303236323b7265646972656374696f6e7c4e3b5f5f4143544956455f53455353494f4e5f444154417c733a3235363a2237373238343234326664316365373430376134663462363565313134363832303765636266613666616337383833383134653835393165613761653261306165393535316538323863643337303137666634333561306566336432356464623439653365666339333866393464666264353830376561393763393933353835626c486d5233666b4131383234664779356172592b794f3058556870414e443979652f4b55356d6e724d465778737770354e57644c3937346c5368416830714e6a386b4f4b30387757616a3254565838776d6b59343335744146515853662b43766b41784a334a6e52395344414c6b324f45434b3544546253636b6b376b472f6a223b),
	('pevm2l8nmpck7bmlg8p4j0hjoa1b7peu', '::1', 1702230601, _binary 0x5f5f63695f6c6173745f726567656e65726174657c693a313730323233303537323b),
	('58fjrfimodeqv28fce14hvde60fmq1t3', '127.0.0.1', 1702231094, _binary 0x5f5f63695f6c6173745f726567656e65726174657c693a313730323233303831373b7265646972656374696f6e7c4e3b5f5f4143544956455f53455353494f4e5f444154417c733a3235363a2237373238343234326664316365373430376134663462363565313134363832303765636266613666616337383833383134653835393165613761653261306165393535316538323863643337303137666634333561306566336432356464623439653365666339333866393464666264353830376561393763393933353835626c486d5233666b4131383234664779356172592b794f3058556870414e443979652f4b55356d6e724d465778737770354e57644c3937346c5368416830714e6a386b4f4b30387757616a3254565838776d6b59343335744146515853662b43766b41784a334a6e52395344414c6b324f45434b3544546253636b6b376b472f6a223b),
	('s70ef0u9e57s46ffm37i039irtsh9j3k', '127.0.0.1', 1702231408, _binary 0x5f5f63695f6c6173745f726567656e65726174657c693a313730323233313138343b7265646972656374696f6e7c4e3b5f5f4143544956455f53455353494f4e5f444154417c733a3235363a2237373238343234326664316365373430376134663462363565313134363832303765636266613666616337383833383134653835393165613761653261306165393535316538323863643337303137666634333561306566336432356464623439653365666339333866393464666264353830376561393763393933353835626c486d5233666b4131383234664779356172592b794f3058556870414e443979652f4b55356d6e724d465778737770354e57644c3937346c5368416830714e6a386b4f4b30387757616a3254565838776d6b59343335744146515853662b43766b41784a334a6e52395344414c6b324f45434b3544546253636b6b376b472f6a223b),
	('4k4p50jq24kl6u3lj9eofke64ou1180l', '::1', 1702231405, _binary 0x5f5f63695f6c6173745f726567656e65726174657c693a313730323233313430343b),
	('63ho8i2il04rch7b876127dla5ftk81m', '127.0.0.1', 1702276911, _binary 0x5f5f63695f6c6173745f726567656e65726174657c693a313730323237363631393b7265646972656374696f6e7c4e3b5f5f4143544956455f53455353494f4e5f444154417c733a3235363a2236356637346230363166383339343764633264366164313339653733343164373233306433643338373464376461333865663238306233323261633463623834626132346130323532313230393036366237393934666234303965613435653562636439636130663932346132396634613661356636326637393837623137335274445353305349713866672b5a6b6a4f61465a68764748554e35396b3134484f7775366238794d4e52476b63554664374c5477327036486d7a413337425634715a634a644575394e2f4d5a614f57325447414a52704f7a636e326b483354384a744c4a2f34567374795269396530633044574e2f65464a502f4551416e6353223b),
	('0ihcj270qv0979nt8tcn4c4metgttjcq', '::1', 1702277098, _binary 0x5f5f63695f6c6173745f726567656e65726174657c693a313730323237363930343b),
	('nenm4shk7gmsfrqu29icp5tfkimocb56', '127.0.0.1', 1702277177, _binary 0x5f5f63695f6c6173745f726567656e65726174657c693a313730323237373135393b7265646972656374696f6e7c4e3b5f5f4143544956455f53455353494f4e5f444154417c733a3235363a2236356637346230363166383339343764633264366164313339653733343164373233306433643338373464376461333865663238306233323261633463623834626132346130323532313230393036366237393934666234303965613435653562636439636130663932346132396634613661356636326637393837623137335274445353305349713866672b5a6b6a4f61465a68764748554e35396b3134484f7775366238794d4e52476b63554664374c5477327036486d7a413337425634715a634a644575394e2f4d5a614f57325447414a52704f7a636e326b483354384a744c4a2f34567374795269396530633044574e2f65464a502f4551416e6353223b),
	('ncho05is0fsb9q30sv9thg9jn8d40i2i', '127.0.0.1', 1702277788, _binary 0x5f5f63695f6c6173745f726567656e65726174657c693a313730323237373636323b7265646972656374696f6e7c4e3b5f5f4143544956455f53455353494f4e5f444154417c733a3235363a2236356637346230363166383339343764633264366164313339653733343164373233306433643338373464376461333865663238306233323261633463623834626132346130323532313230393036366237393934666234303965613435653562636439636130663932346132396634613661356636326637393837623137335274445353305349713866672b5a6b6a4f61465a68764748554e35396b3134484f7775366238794d4e52476b63554664374c5477327036486d7a413337425634715a634a644575394e2f4d5a614f57325447414a52704f7a636e326b483354384a744c4a2f34567374795269396530633044574e2f65464a502f4551416e6353223b);

-- Dumping structure for table toko_buah.contacts
CREATE TABLE IF NOT EXISTS `contacts` (
  `id` int(10) NOT NULL AUTO_INCREMENT,
  `parent_id` int(10) DEFAULT NULL,
  `name` varchar(32) NOT NULL,
  `subject` varchar(128) DEFAULT NULL,
  `email` varchar(64) NOT NULL,
  `message` mediumtext NOT NULL,
  `contact_date` datetime DEFAULT NULL,
  `status` tinyint(1) DEFAULT '1',
  `reply_at` datetime DEFAULT NULL,
  PRIMARY KEY (`id`),
  KEY `FK_contacts_contacts` (`parent_id`),
  CONSTRAINT `FK_contacts_contacts` FOREIGN KEY (`parent_id`) REFERENCES `contacts` (`id`) ON DELETE CASCADE ON UPDATE NO ACTION
) ENGINE=InnoDB AUTO_INCREMENT=2 DEFAULT CHARSET=utf8mb4;

-- Dumping data for table toko_buah.contacts: ~0 rows (approximately)
INSERT INTO `contacts` (`id`, `parent_id`, `name`, `subject`, `email`, `message`, `contact_date`, `status`, `reply_at`) VALUES
	(1, NULL, 'Agung Tri Saputra', 'Pengiriman kok lama?', 'martinms.za@gmail.com', 'pengiriman pesanan saya kok lama ya', '2020-03-29 07:40:13', 2, NULL);

-- Dumping structure for table toko_buah.coupons
CREATE TABLE IF NOT EXISTS `coupons` (
  `id` bigint(20) NOT NULL AUTO_INCREMENT,
  `name` varchar(191) NOT NULL,
  `code` varchar(32) NOT NULL,
  `credit` decimal(8,2) NOT NULL,
  `start_date` date NOT NULL,
  `expired_date` date NOT NULL,
  `is_active` tinyint(4) DEFAULT '1',
  PRIMARY KEY (`id`)
) ENGINE=InnoDB AUTO_INCREMENT=2 DEFAULT CHARSET=utf8mb4;

-- Dumping data for table toko_buah.coupons: ~0 rows (approximately)
INSERT INTO `coupons` (`id`, `name`, `code`, `credit`, `start_date`, `expired_date`, `is_active`) VALUES
	(1, '#DiRumahAja', 'DIRUMAHAJA19', 5000.00, '2020-03-27', '2020-04-03', 1);

-- Dumping structure for table toko_buah.customers
CREATE TABLE IF NOT EXISTS `customers` (
  `id` bigint(20) NOT NULL AUTO_INCREMENT,
  `user_id` bigint(20) unsigned DEFAULT NULL,
  `name` varchar(191) NOT NULL,
  `phone_number` varchar(32) DEFAULT NULL,
  `address` varchar(191) NOT NULL,
  `profile_picture` varchar(191) DEFAULT NULL,
  PRIMARY KEY (`id`),
  KEY `FK_customers_users` (`user_id`),
  CONSTRAINT `FK_customers_users` FOREIGN KEY (`user_id`) REFERENCES `users` (`id`) ON DELETE NO ACTION ON UPDATE CASCADE
) ENGINE=InnoDB AUTO_INCREMENT=10 DEFAULT CHARSET=utf8mb4;

-- Dumping data for table toko_buah.customers: ~3 rows (approximately)
INSERT INTO `customers` (`id`, `user_id`, `name`, `phone_number`, `address`, `profile_picture`) VALUES
	(7, 8, 'Pembeli1', '087741130522', 'Jln. Merdeka Barat- Jakarta Indonesia', NULL),
	(8, 10, 'Pembeli2', '087741160520', 'Jln. Merdeka Barat- Jakarta Indonesia', NULL),
	(9, 11, 'Pembeli4', '0870000000', 'Jln.Merdeka Barat - Jakarta', NULL);

-- Dumping structure for table toko_buah.midtrans
CREATE TABLE IF NOT EXISTS `midtrans` (
  `mt_id` int(11) NOT NULL AUTO_INCREMENT,
  `mt_order_id` varchar(50) NOT NULL DEFAULT '',
  `mt_notif` text,
  PRIMARY KEY (`mt_id`)
) ENGINE=MyISAM AUTO_INCREMENT=25 DEFAULT CHARSET=utf8mb4;

-- Dumping data for table toko_buah.midtrans: 2 rows
/*!40000 ALTER TABLE `midtrans` DISABLE KEYS */;
INSERT INTO `midtrans` (`mt_id`, `mt_order_id`, `mt_notif`) VALUES
	(1, '1', 'tes notif'),
	(24, 'JQU11122318135', '{"status_code":"200","transaction_id":"c51004bb-5f1e-47a3-9d28-f285e6309d61","gross_amount":"10000.00","currency":"IDR","order_id":"JQU11122318135","payment_type":"bank_transfer","signature_key":"b644c99c2f6a35cae8f31061076811d9e3d4f90829b649062bcbf333af0a403940e731e12211a61e3f12d6beeca02cda7efae6ca5d7d565caaa7b54be81b7604","transaction_status":"settlement","fraud_status":"accept","status_message":"Success, transaction is found","merchant_id":"G888115313","va_numbers":[{"bank":"bri","va_number":"153132424334619558"}],"payment_amounts":[],"transaction_time":"2023-12-11 13:39:37","settlement_time":"2023-12-11 13:44:32","expiry_time":"2023-12-12 13:39:37"}'),
	(23, 'JQU11122318135', '{"status_code":"200","transaction_id":"c51004bb-5f1e-47a3-9d28-f285e6309d61","gross_amount":"10000.00","currency":"IDR","order_id":"JQU11122318135","payment_type":"bank_transfer","signature_key":"b644c99c2f6a35cae8f31061076811d9e3d4f90829b649062bcbf333af0a403940e731e12211a61e3f12d6beeca02cda7efae6ca5d7d565caaa7b54be81b7604","transaction_status":"settlement","fraud_status":"accept","status_message":"Success, transaction is found","merchant_id":"G888115313","va_numbers":[{"bank":"bri","va_number":"153132424334619558"}],"payment_amounts":[],"transaction_time":"2023-12-11 13:39:37","settlement_time":"2023-12-11 13:44:32","expiry_time":"2023-12-12 13:39:37"}'),
	(22, 'JQU11122318135', '{"status_code":"200","transaction_id":"c51004bb-5f1e-47a3-9d28-f285e6309d61","gross_amount":"10000.00","currency":"IDR","order_id":"JQU11122318135","payment_type":"bank_transfer","signature_key":"b644c99c2f6a35cae8f31061076811d9e3d4f90829b649062bcbf333af0a403940e731e12211a61e3f12d6beeca02cda7efae6ca5d7d565caaa7b54be81b7604","transaction_status":"settlement","fraud_status":"accept","status_message":"Success, transaction is found","merchant_id":"G888115313","va_numbers":[{"bank":"bri","va_number":"153132424334619558"}],"payment_amounts":[],"transaction_time":"2023-12-11 13:39:37","settlement_time":"2023-12-11 13:44:32","expiry_time":"2023-12-12 13:39:37"}'),
	(21, 'JQU11122318135', '{"status_code":"200","transaction_id":"c51004bb-5f1e-47a3-9d28-f285e6309d61","gross_amount":"10000.00","currency":"IDR","order_id":"JQU11122318135","payment_type":"bank_transfer","signature_key":"b644c99c2f6a35cae8f31061076811d9e3d4f90829b649062bcbf333af0a403940e731e12211a61e3f12d6beeca02cda7efae6ca5d7d565caaa7b54be81b7604","transaction_status":"settlement","fraud_status":"accept","status_message":"Success, transaction is found","merchant_id":"G888115313","va_numbers":[{"bank":"bri","va_number":"153132424334619558"}],"payment_amounts":[],"transaction_time":"2023-12-11 13:39:37","settlement_time":"2023-12-11 13:44:32","expiry_time":"2023-12-12 13:39:37"}'),
	(20, 'JQU11122318135', '{"status_code":"200","transaction_id":"c51004bb-5f1e-47a3-9d28-f285e6309d61","gross_amount":"10000.00","currency":"IDR","order_id":"JQU11122318135","payment_type":"bank_transfer","signature_key":"b644c99c2f6a35cae8f31061076811d9e3d4f90829b649062bcbf333af0a403940e731e12211a61e3f12d6beeca02cda7efae6ca5d7d565caaa7b54be81b7604","transaction_status":"settlement","fraud_status":"accept","status_message":"Success, transaction is found","merchant_id":"G888115313","va_numbers":[{"bank":"bri","va_number":"153132424334619558"}],"payment_amounts":[],"transaction_time":"2023-12-11 13:39:37","settlement_time":"2023-12-11 13:44:32","expiry_time":"2023-12-12 13:39:37"}'),
	(19, 'JQU11122318135', '{"status_code":"200","transaction_id":"c51004bb-5f1e-47a3-9d28-f285e6309d61","gross_amount":"10000.00","currency":"IDR","order_id":"JQU11122318135","payment_type":"bank_transfer","signature_key":"b644c99c2f6a35cae8f31061076811d9e3d4f90829b649062bcbf333af0a403940e731e12211a61e3f12d6beeca02cda7efae6ca5d7d565caaa7b54be81b7604","transaction_status":"settlement","fraud_status":"accept","status_message":"Success, transaction is found","merchant_id":"G888115313","va_numbers":[{"bank":"bri","va_number":"153132424334619558"}],"payment_amounts":[],"transaction_time":"2023-12-11 13:39:37","settlement_time":"2023-12-11 13:44:32","expiry_time":"2023-12-12 13:39:37"}'),
	(18, 'JQU11122318135', '{"status_code":"201","transaction_id":"c51004bb-5f1e-47a3-9d28-f285e6309d61","gross_amount":"10000.00","currency":"IDR","order_id":"JQU11122318135","payment_type":"bank_transfer","signature_key":"56f954b3a51a3d6fc085d6182c59d57d62204f5714d5a8f3a04eef10ce8ee2ad5799aaa5bc457a6af618636dea187f9e07b6a16f4e772103795a2b04b3a67584","transaction_status":"pending","fraud_status":"accept","status_message":"Success, transaction is found","merchant_id":"G888115313","va_numbers":[{"bank":"bri","va_number":"153132424334619558"}],"payment_amounts":[],"transaction_time":"2023-12-11 13:39:37","expiry_time":"2023-12-12 13:39:37"}'),
	(17, 'JQU11122318135', '{"status_code":"201","transaction_id":"c51004bb-5f1e-47a3-9d28-f285e6309d61","gross_amount":"10000.00","currency":"IDR","order_id":"JQU11122318135","payment_type":"bank_transfer","signature_key":"56f954b3a51a3d6fc085d6182c59d57d62204f5714d5a8f3a04eef10ce8ee2ad5799aaa5bc457a6af618636dea187f9e07b6a16f4e772103795a2b04b3a67584","transaction_status":"pending","fraud_status":"accept","status_message":"Success, transaction is found","merchant_id":"G888115313","va_numbers":[{"bank":"bri","va_number":"153132424334619558"}],"payment_amounts":[],"transaction_time":"2023-12-11 13:39:37","expiry_time":"2023-12-12 13:39:37"}'),
	(16, 'MQC10122328675', '{"status_code":"200","transaction_id":"b4656351-204c-44c0-924d-a22bd89ca808","gross_amount":"35000.00","currency":"IDR","order_id":"MQC10122328675","payment_type":"bank_transfer","signature_key":"dd17c5e3bf3c37d281e20fa20979c3d3196f4d04151139b53cfe585733221c1907f1c79f4170bb2ffa1870b9d7b46f62bf4c7b74cf213ebaceddb8f7e7b2b647","transaction_status":"settlement","fraud_status":"accept","status_message":"Success, transaction is found","merchant_id":"G888115313","va_numbers":[{"bank":"bri","va_number":"153132633838357099"}],"payment_amounts":[],"transaction_time":"2023-12-11 01:01:02","settlement_time":"2023-12-11 01:01:58","expiry_time":"2023-12-12 01:01:02"}');
/*!40000 ALTER TABLE `midtrans` ENABLE KEYS */;

-- Dumping structure for table toko_buah.orders
CREATE TABLE IF NOT EXISTS `orders` (
  `id` bigint(20) NOT NULL AUTO_INCREMENT,
  `user_id` bigint(20) unsigned DEFAULT NULL,
  `coupon_id` bigint(20) DEFAULT NULL,
  `order_number` varchar(16) NOT NULL,
  `order_status` enum('1','2','3','4','5') DEFAULT '1',
  `order_date` datetime NOT NULL,
  `total_price` decimal(8,2) DEFAULT NULL,
  `total_items` int(10) DEFAULT NULL,
  `payment_method` int(11) DEFAULT '1',
  `delivery_data` text,
  `delivered_date` datetime DEFAULT NULL,
  `finish_date` datetime DEFAULT NULL,
  PRIMARY KEY (`id`),
  KEY `FK_orders_users` (`user_id`),
  KEY `FK_orders_coupons` (`coupon_id`),
  CONSTRAINT `FK_orders_coupons` FOREIGN KEY (`coupon_id`) REFERENCES `coupons` (`id`) ON DELETE SET NULL ON UPDATE CASCADE,
  CONSTRAINT `FK_orders_users` FOREIGN KEY (`user_id`) REFERENCES `users` (`id`) ON DELETE NO ACTION ON UPDATE CASCADE
) ENGINE=InnoDB AUTO_INCREMENT=20 DEFAULT CHARSET=utf8mb4;

-- Dumping data for table toko_buah.orders: ~2 rows (approximately)
INSERT INTO `orders` (`id`, `user_id`, `coupon_id`, `order_number`, `order_status`, `order_date`, `total_price`, `total_items`, `payment_method`, `delivery_data`, `delivered_date`, `finish_date`) VALUES
	(18, 8, NULL, 'MQC10122328675', '2', '2023-12-10 18:00:59', 35000.00, 2, 1, '{"customer":{"name":"Pembeli1","phone_number":"087741130522","address":"Jln. Merdeka Barat- Jakarta Indonesia"},"note":""}', NULL, NULL),
	(19, 8, NULL, 'JQU11122318135', '2', '2023-12-11 06:39:17', 15000.00, 1, 1, '{"customer":{"name":"Pembeli1","phone_number":"087741130522","address":"Jln. Merdeka Barat- Jakarta Indonesia"},"note":""}', NULL, NULL);

-- Dumping structure for table toko_buah.order_item
CREATE TABLE IF NOT EXISTS `order_item` (
  `id` bigint(20) NOT NULL AUTO_INCREMENT,
  `order_id` bigint(20) DEFAULT NULL,
  `product_id` bigint(20) DEFAULT NULL,
  `order_qty` int(10) NOT NULL,
  `order_price` decimal(8,2) DEFAULT NULL,
  PRIMARY KEY (`id`),
  KEY `order_id` (`order_id`),
  KEY `product_id` (`product_id`)
) ENGINE=InnoDB AUTO_INCREMENT=24 DEFAULT CHARSET=utf8mb4;

-- Dumping data for table toko_buah.order_item: ~3 rows (approximately)
INSERT INTO `order_item` (`id`, `order_id`, `product_id`, `order_qty`, `order_price`) VALUES
	(21, 18, 4, 1, 25000.00),
	(22, 18, 5, 1, 10000.00),
	(23, 19, 9, 1, 10000.00);

-- Dumping structure for table toko_buah.payments
CREATE TABLE IF NOT EXISTS `payments` (
  `id` bigint(20) NOT NULL AUTO_INCREMENT,
  `order_id` bigint(20) DEFAULT NULL,
  `payment_price` decimal(8,2) DEFAULT NULL,
  `payment_date` datetime NOT NULL,
  `picture_name` varchar(191) DEFAULT NULL,
  `payment_status` enum('1','2','3') DEFAULT '1',
  `confirmed_date` datetime DEFAULT NULL,
  `payment_data` text,
  PRIMARY KEY (`id`),
  KEY `order_id` (`order_id`),
  CONSTRAINT `FK_payments_orders` FOREIGN KEY (`order_id`) REFERENCES `orders` (`id`) ON DELETE NO ACTION ON UPDATE NO ACTION
) ENGINE=InnoDB AUTO_INCREMENT=9 DEFAULT CHARSET=utf8mb4;

-- Dumping data for table toko_buah.payments: ~0 rows (approximately)

-- Dumping structure for table toko_buah.products
CREATE TABLE IF NOT EXISTS `products` (
  `id` bigint(20) NOT NULL AUTO_INCREMENT,
  `category_id` int(10) DEFAULT NULL,
  `sku` varchar(32) DEFAULT NULL,
  `name` varchar(191) NOT NULL,
  `description` varchar(191) DEFAULT NULL,
  `picture_name` varchar(191) DEFAULT NULL,
  `price` decimal(8,2) NOT NULL,
  `current_discount` decimal(8,2) DEFAULT '0.00',
  `stock` int(10) NOT NULL,
  `product_unit` varchar(32) DEFAULT NULL,
  `is_available` tinyint(1) DEFAULT '1',
  `add_date` datetime DEFAULT NULL,
  PRIMARY KEY (`id`),
  KEY `FK_products_product_category` (`category_id`)
) ENGINE=InnoDB AUTO_INCREMENT=10 DEFAULT CHARSET=utf8mb4;

-- Dumping data for table toko_buah.products: ~6 rows (approximately)
INSERT INTO `products` (`id`, `category_id`, `sku`, `name`, `description`, `picture_name`, `price`, `current_discount`, `stock`, `product_unit`, `is_available`, `add_date`) VALUES
	(1, 2, 'SB750372', 'ANGGUR HITAM', NULL, 'Tak_berjudul31_202010261113391.jpg', 70000.00, 50000.00, 50, 'Kg', 1, '2020-03-26 15:02:52'),
	(2, 2, 'BS350420', 'APEL MERAH', NULL, 'Tak_berjudul31_20201026111306_001.jpg', 33000.00, 20000.00, 10, 'Kg', 1, '2020-03-26 15:03:40'),
	(4, 2, 'TS120790', 'MELON SEGAR', NULL, 'Tak_berjudul31_202010261115331.jpg', 60000.00, 35000.00, 100, 'Kg', 1, '2020-03-26 19:36:30'),
	(5, 2, 'WS120811', 'PISANG SEGAR', NULL, 'Tak_berjudul31_202010261112361.jpg', 35000.00, 25000.00, 20, 'Kg', 1, '2020-03-26 19:36:51'),
	(8, 2, 'PS220885', 'MANGGA SEGAR', NULL, 'Tak_berjudul31_202010261114041.jpg', 20000.00, 15000.00, 50, 'Kg', 1, '2020-03-26 19:38:05'),
	(9, 2, 'AB450163', 'JAMBU MERAH', NULL, 'Tak_berjudul31_202010261115001.jpg', 40000.00, 30000.00, 50, 'Kg', 1, '2020-03-26 19:42:43');

-- Dumping structure for table toko_buah.product_category
CREATE TABLE IF NOT EXISTS `product_category` (
  `id` int(10) NOT NULL AUTO_INCREMENT,
  `name` varchar(191) NOT NULL,
  PRIMARY KEY (`id`)
) ENGINE=InnoDB AUTO_INCREMENT=10 DEFAULT CHARSET=utf8mb4;

-- Dumping data for table toko_buah.product_category: ~2 rows (approximately)
INSERT INTO `product_category` (`id`, `name`) VALUES
	(2, 'BUAH'),
	(9, 'SAYUR');

-- Dumping structure for table toko_buah.reviews
CREATE TABLE IF NOT EXISTS `reviews` (
  `id` bigint(20) NOT NULL AUTO_INCREMENT,
  `user_id` bigint(20) unsigned DEFAULT NULL,
  `order_id` bigint(20) DEFAULT NULL,
  `title` varchar(191) DEFAULT NULL,
  `review_text` mediumtext NOT NULL,
  `review_date` datetime NOT NULL,
  `status` tinyint(1) NOT NULL DEFAULT '1',
  PRIMARY KEY (`id`),
  KEY `FK_reviews_users` (`user_id`),
  KEY `FK_reviews_orders` (`order_id`)
) ENGINE=InnoDB AUTO_INCREMENT=7 DEFAULT CHARSET=utf8mb4;

-- Dumping data for table toko_buah.reviews: ~5 rows (approximately)
INSERT INTO `reviews` (`id`, `user_id`, `order_id`, `title`, `review_text`, `review_date`, `status`) VALUES
	(2, 7, 6, 'Sangat puas', 'Pengiriman cepat dan sayur segar', '2020-03-30 08:31:31', 1),
	(3, 7, 5, 'Buah segar', 'Buah segar dan kualitasnya sangat bagus', '2020-03-30 08:33:10', 1),
	(4, 8, 12, 'Toko Buah Segar', 'Sangat Puas Dengan Pelaynan dan Produknya Segar Semua', '2020-10-26 07:13:38', 1),
	(5, 10, 13, 'Toko Buah Segar', 'Pesanan Dikrim Tepat Waktu dan Kualitas Segar Segar', '2020-10-26 07:17:35', 1),
	(6, 11, 14, 'Toko Buah Segar', 'Sangat Puas Dengan Pelayanan Adminnya', '2020-10-26 08:38:48', 1);

-- Dumping structure for table toko_buah.roles
CREATE TABLE IF NOT EXISTS `roles` (
  `id` int(10) NOT NULL AUTO_INCREMENT,
  `role_name` varchar(191) NOT NULL,
  PRIMARY KEY (`id`)
) ENGINE=InnoDB AUTO_INCREMENT=3 DEFAULT CHARSET=utf8mb4;

-- Dumping data for table toko_buah.roles: ~2 rows (approximately)
INSERT INTO `roles` (`id`, `role_name`) VALUES
	(1, 'Admin'),
	(2, 'Customer');

-- Dumping structure for table toko_buah.settings
CREATE TABLE IF NOT EXISTS `settings` (
  `id` int(10) NOT NULL AUTO_INCREMENT,
  `key` varchar(32) NOT NULL,
  `content` varchar(191) NOT NULL,
  PRIMARY KEY (`id`) USING BTREE
) ENGINE=InnoDB AUTO_INCREMENT=13 DEFAULT CHARSET=utf8mb4;

-- Dumping data for table toko_buah.settings: ~12 rows (approximately)
INSERT INTO `settings` (`id`, `key`, `content`) VALUES
	(1, 'current_theme_name', 'vegefoods'),
	(2, 'store_name', 'Toko Buah Segar'),
	(3, 'store_phone_number', '02100110003'),
	(4, 'store_email', 'tokobuahsegar@gmail.com'),
	(5, 'store_tagline', 'Belanja Buah Segar Segar 24 Jam'),
	(6, 'store_logo', 'Logo.png'),
	(7, 'max_product_image_size', '20000'),
	(8, 'store_description', 'Belanja buah segar dengan murah, mudah dan cepat'),
	(9, 'store_address', 'Jl. Merdeka Barat Km.01 - Jakarta Indonesia'),
	(10, 'min_shop_to_free_shipping_cost', '20000'),
	(11, 'shipping_cost', '5000'),
	(12, 'payment_banks', '{"mandiri":{"bank":"Mandiri","number":"1234567890","name":"Toko Buah Segar"},"bca":{"bank":"BCA","number":"0987654321","name":"Toko Buah Segar"}}');

-- Dumping structure for table toko_buah.users
CREATE TABLE IF NOT EXISTS `users` (
  `id` bigint(20) unsigned NOT NULL AUTO_INCREMENT,
  `name` varchar(50) COLLATE utf8mb4_unicode_ci DEFAULT NULL,
  `email` varchar(191) COLLATE utf8mb4_unicode_ci NOT NULL,
  `email_verified_at` timestamp NULL DEFAULT NULL,
  `username` varchar(16) COLLATE utf8mb4_unicode_ci NOT NULL,
  `password` varchar(191) COLLATE utf8mb4_unicode_ci NOT NULL,
  `profile_picture` varchar(128) COLLATE utf8mb4_unicode_ci DEFAULT NULL,
  `role_id` int(10) DEFAULT '0',
  `register_date` datetime DEFAULT NULL,
  PRIMARY KEY (`id`) USING BTREE,
  UNIQUE KEY `users_email_unique` (`email`) USING BTREE,
  KEY `role_id` (`role_id`)
) ENGINE=InnoDB AUTO_INCREMENT=12 DEFAULT CHARSET=utf8mb4 COLLATE=utf8mb4_unicode_ci;

-- Dumping data for table toko_buah.users: ~4 rows (approximately)
INSERT INTO `users` (`id`, `name`, `email`, `email_verified_at`, `username`, `password`, `profile_picture`, `role_id`, `register_date`) VALUES
	(7, 'Admin Toko Buah', 'admintokobuah@gmail.com', NULL, 'admin', '$2y$10$8g/ydMjIkk4RDX06gUPQS.RCo/lAQujaz4kFvnq1J.0i.8nK9OYAS', '0919f092a8487492631bc84b592a4b0a_icon-wajah1.png', 1, '2020-03-29 08:14:30'),
	(8, NULL, 'pembeli@gmail.com', NULL, 'user1', '$2y$10$chkZ5TH8JoBetrJYsujw9eHTSgnp1iLG492o99duNcoYGIVGYP8Lu', NULL, 2, '2020-10-26 06:58:43'),
	(10, NULL, 'pembeli2@gmail.com', NULL, 'user2', '$2y$10$BxWbJrsGG.grhKvrNQ6XvOU5lTPARmLOo58Rwuws1kFlze3r4YR1.', NULL, 2, '2020-10-26 07:15:59'),
	(11, NULL, 'pembeli4@gmail.com', NULL, 'user4', '$2y$10$P25c7AP7HzotHYvRCvi8XukFH/wKW/IR0uBbOM9pPBKAif8WrR.Iu', NULL, 2, '2020-10-26 08:37:06');

/*!40103 SET TIME_ZONE=IFNULL(@OLD_TIME_ZONE, 'system') */;
/*!40101 SET SQL_MODE=IFNULL(@OLD_SQL_MODE, '') */;
/*!40014 SET FOREIGN_KEY_CHECKS=IFNULL(@OLD_FOREIGN_KEY_CHECKS, 1) */;
/*!40101 SET CHARACTER_SET_CLIENT=@OLD_CHARACTER_SET_CLIENT */;
/*!40111 SET SQL_NOTES=IFNULL(@OLD_SQL_NOTES, 1) */;
